name,price,stock
2020 Toyota Yaris Sedan LE," $18,367",LY711928
2020 Toyota Corolla SE," $23,005",LP042732
2020 Toyota Corolla LE," $21,953",LJ073157
2020 Toyota Corolla Hatchback Nightshade," $22,400",L3074441
2020 Toyota Corolla LE," $21,952",LJ069715
2020 Toyota Corolla LE," $21,953",LJ073206
2020 Toyota Corolla Hatchback Nightshade," $22,323",L3080415
2020 Toyota Corolla LE," $21,952",LJ067741
2020 Toyota C-HR LE," $21,851",LR105191
2020 Toyota Corolla LE," $20,338",LP066227
2020 Toyota Yaris Hatchback LE," $18,409",LY709309
2020 Toyota Yaris Sedan LE," $18,409",LY708350
2020 Toyota Corolla LE," $20,173",LP057156
2020 Toyota Corolla LE," $20,173",LJ070633
2020 Toyota Yaris Hatchback LE," $18,409",LY704547
2020 Toyota Corolla Hybrid LE," $23,308",LJ025137
2020 Toyota Camry SE Nightshade," $26,349",LU362514
2020 Toyota Camry SE Nightshade," $26,302",LU355250
2020 Toyota Camry SE," $27,566",LU317670
2020 Toyota Camry SE Nightshade," $26,353",LU350751
2020 Toyota Corolla Hatchback XSE," $26,345",L3083739
2020 Toyota Corolla XSE," $26,594",LJ021805
2020 Toyota Camry LE," $25,939",LU935503
2020 Toyota Prius LE," $26,106",L3107418
2020 Toyota Camry LE," $25,882",LU951174
2020 Toyota Prius LE," $25,728",L3106774
2020 Toyota Camry SE," $25,660",LU343985
2020 Toyota Prius LE," $25,728",L3105989
2020 Toyota Camry LE," $24,719",LU343560
2020 Toyota Corolla Hybrid LE," $23,479",LJ029006
2020 Toyota RAV4 XLE," $29,084",LJ025580
2020 Toyota Camry SE," $27,630",LU951171
2020 Toyota Camry SE," $27,738",LU949399
2020 Toyota RAV4 LE," $28,620",LD051081
2020 Toyota Camry XSE," $29,486",LU936448
2020 Toyota Camry XSE," $29,486",LU936147
2020 Toyota RAV4 XLE," $29,255",LW102268
2020 Toyota RAV4 LE," $28,550",LW085899
2020 Toyota Camry Hybrid LE," $28,043",LU522542
2020 Toyota RAV4 LE," $28,352",LW089468
2020 Toyota Camry Hybrid LE," $27,944",LU522099
2020 Toyota RAV4 LE," $28,024",LW092782
2020 Toyota RAV4 LE," $28,024",LW087821
2020 Toyota Camry SE," $27,630",LU938685
2020 Toyota Camry SE," $27,630",LU920433
2020 Toyota Camry Hybrid LE," $30,457",LU532049
2020 Toyota RAV4 XLE," $30,340",LC087490
2020 Toyota RAV4 XLE," $30,480",LW113302
2020 Toyota RAV4 XLE," $30,099",LD050157
2020 Toyota Camry XSE," $29,486",LU936809
2020 Toyota Rav4 Hybrid le," $30,161",LW054304
2020 Toyota Camry Hybrid LE," $30,556",LU012513
2020 Toyota Rav4 Hybrid le," $30,132",LW083868
2020 Toyota Rav4 Hybrid le," $30,132",LW076634
2020 Toyota Camry XSE," $29,656",LU933091
2020 Toyota Camry XSE," $30,034",LU938277
2020 Toyota Camry XSE," $30,034",LU353146
2020 Toyota Rav4 Hybrid le," $29,985",LW081339
2020 Toyota RAV4 XLE," $30,309",LJ026636
2020 Toyota Rav4 Hybrid le," $30,084",LD534778
2020 Toyota RAV4 XLE," $30,718",LW113961
2020 Toyota RAV4 XLE," $31,304",LW113027
2020 Toyota Rav4 Hybrid xle," $32,885",LW078917
2020 Toyota RAV4 XLE Premium," $32,731",LW091590
2020 Toyota Rav4 Hybrid xle," $30,877",LW078910
2020 Toyota Rav4 Hybrid xle," $32,917",LW081793
2020 Toyota RAV4 XLE Premium," $32,731",LW093254
2020 Toyota RAV4 XLE," $31,212",LW111933
2020 Toyota Tacoma SR Double Cab 5' Bed V6 AT," $32,697",LM341036
2020 Toyota RAV4 XLE," $31,164",LD059305
2020 Toyota RAV4 XLE," $31,157",LC090076
2020 Toyota Camry XSE," $31,159",LU365125
2020 Toyota RAV4 XLE Premium," $32,943",LJ034998
2020 Toyota RAV4 XLE," $31,164",LW111317
2020 Toyota Camry XSE V6," $31,047",LU037168
2020 Toyota Rav4 Hybrid xse," $35,602",LJ034707
2020 Toyota Tacoma SR5 Double Cab 6' Bed V6 AT," $35,901",LM092170
2020 Toyota Tacoma TRD Sport Access Cab 6' Bed V6 MT," $35,411",LT000025
2020 Toyota Tacoma SR5 Double Cab 5' Bed V6 AT," $35,396",LM339015
2020 Toyota Rav4 Hybrid xle," $32,950",LW086081
2020 Toyota Sienna LE," $34,282",LS041519
2020 Toyota RAV4 XLE Premium," $35,467",LJ034216
2020 Toyota Rav4 Hybrid xse," $35,483",LJ042426
2020 Toyota RAV4 TRD Off Road," $35,026",LC063593
2020 Toyota Rav4 Hybrid xse," $35,336",L149EC58
2020 Toyota Tacoma SR5 Double Cab 5' Bed V6 AT," $35,396",LM339807
2020 Toyota Rav4 Hybrid xle," $33,073",LD055001
2020 Toyota Camry Hybrid XLE," $34,509",LU532824
2020 Toyota Rav4 Hybrid xle," $33,073",LD056385
2020 Toyota Tacoma SR Access Cab 6' Bed V6 AT," $33,096",LT001297
2020 Toyota Tacoma TRD Off Road Double Cab 5' Bed V6 AT," $36,969",LM312200
2020 Toyota Tacoma SR5 Double Cab 5' Bed V6 AT," $35,972",LM342180
2020 Toyota Tacoma TRD Off Road Double Cab 5' Bed V6 AT," $37,205",LM298878
2020 Toyota Tacoma TRD Off Road Double Cab 5' Bed V6 AT," $36,968",LM298906
2020 Toyota Tacoma TRD Sport Double Cab 5' Bed V6 AT," $36,537",LM303311
2020 Toyota Tacoma TRD Off Road Double Cab 5' Bed V6 AT," $36,969",LM302637
2020 Toyota Avalon XSE," $36,497",LU042668
2020 Toyota Tacoma TRD Sport Double Cab 5' Bed V6 AT," $36,537",LM305147
2020 Toyota Sienna LE," $36,918",LS243969
2020 Toyota Tacoma TRD Off Road Double Cab 5' Bed V6 MT," $36,356",LX219252
2020 Toyota Camry XSE V6," $36,345",LU037915
2020 Toyota Tacoma TRD Sport Double Cab 5' Bed V6 AT," $36,332",LM308878
2020 Toyota RAV4 Limited," $36,226",LW086781
2020 Toyota Tacoma TRD Sport Double Cab 5' Bed V6 AT," $36,324",LM291031
2020 Toyota Tacoma SR5 Double Cab 5' Bed V6 AT," $35,972",LM339793
2020 Toyota Rav4 Hybrid xse," $38,053",LJ037884
2020 Toyota Tacoma TRD Sport Access Cab 6' Bed V6 AT," $37,541",LT001093
2020 Toyota Tacoma TRD Sport Double Cab 5' Bed V6 AT," $37,248",LM299370
2020 Toyota Rav4 Hybrid limited," $38,042",LD058860
2020 Toyota Rav4 Hybrid xse," $38,029",LJ039954
2020 Toyota Tacoma TRD Off Road Double Cab 5' Bed V6 AT," $37,580",LM315500
2020 Toyota Rav4 Hybrid xse," $37,921",LW078376
2020 Toyota Tacoma TRD Sport Double Cab 6' Bed V6 AT," $37,650",LM080278
2020 Toyota Rav4 Hybrid xse," $37,921",LW076976
2020 Toyota Tacoma TRD Sport Double Cab 5' Bed V6 AT," $37,409",LM326638
2020 Toyota Tacoma TRD Off Road Double Cab 5' Bed V6 AT," $37,686",LM342821
2020 Toyota Rav4 Hybrid xse," $37,254",LW076126
2020 Toyota Rav4 Hybrid limited," $37,853",LD060566
2020 Toyota Tacoma TRD Off Road Double Cab 5' Bed V6 AT," $37,686",LM342792
2020 Toyota Tacoma TRD Off Road Double Cab 5' Bed V6 AT," $37,820",LM338948
2020 Toyota Rav4 Hybrid limited," $39,661",LD057612
2020 Toyota 4Runner TRD Off Road," $40,132",L5773572
2020 Toyota Rav4 Hybrid limited," $40,228",LW059352
2020 Toyota Rav4 Hybrid limited," $38,163",LW058197
2020 Toyota Sienna XLE Premium," $40,692",LS039269
2020 Toyota Tacoma TRD Off Road Double Cab 5' Bed V6 AT," $39,087",LM300028
2020 Toyota Avalon Hybrid XSE," $39,892",LU016579
2020 Toyota Tacoma TRD Off Road Double Cab 6' Bed V6 AT," $38,610",LM088311
2020 Toyota Highlander LE," $38,567",LS006092
2020 Toyota Tundra SR5 Double Cab 6.5' Bed 5.7L," $40,170",LX904621
2020 Toyota RAV4 Limited," $38,265",LW093086
2020 Toyota Highlander LE," $38,342",LS018067
2020 Toyota 4Runner TRD Off Road," $39,985",L5737605
2020 Toyota Rav4 Hybrid xse," $38,299",LJ040242
2020 Toyota 4Runner SR5," $38,757",L5743666
2020 Toyota Highlander XLE," $41,333",LS507464
2020 Toyota Highlander XLE," $41,277",LS022982
2020 Toyota Avalon Limited," $41,368",LU044286
2020 Toyota Sienna XLE," $40,766",LS243672
2020 Toyota Avalon Touring," $41,350",LU045326
2020 Toyota Avalon Touring," $41,301",LU042801
2020 Toyota 4Runner SR5 Premium," $41,092",L5777645
2020 Toyota 4Runner SR5 Premium," $40,826",L5764749
2020 Toyota Tacoma TRD Off Road Double Cab 5' Bed V6 MT," $41,230",LX230777
2020 Toyota Highlander XLE," $41,048",LS018845
2020 Toyota Highlander XLE," $41,007",LS505420
2020 Toyota Sienna XLE Premium," $40,950",LS056145
2020 Toyota 4Runner SR5 Premium," $40,826",L5754722
2020 Toyota Highlander XLE," $41,048",LS017534
2020 Toyota Sienna XLE," $41,105",LS244319
2020 Toyota Highlander XLE," $41,919",LS502320
2020 Toyota Tundra SR5 Double Cab 6.5' Bed 5.7L," $41,392",LX929331
2020 Toyota Avalon TRD," $42,246",LU043765
2020 Toyota Highlander XLE," $42,352",LS017888
2020 Toyota Highlander XLE," $42,128",LS023438
2020 Toyota Highlander XLE," $41,867",LS503102
2020 Toyota Highlander XLE," $42,131",LS500467
2020 Toyota Highlander XLE," $41,867",LS011336
2020 Toyota 4Runner TRD Off Road Premium," $42,239",L5778316
2020 Toyota Highlander XLE," $41,746",LS013799
2020 Toyota Highlander XLE," $42,356",LS500090
2020 Toyota Highlander XLE," $41,825",LS024555
2020 Toyota Tundra SR5 Double Cab 6.5' Bed 5.7L," $41,635",LX888125
2020 Toyota Highlander XLE," $41,426",LS017097
2020 Toyota Tundra SR5 Double Cab 6.5' Bed 5.7L," $41,613",LX915776
2020 Toyota Tacoma TRD Sport Double Cab 5' Bed V6 AT," $43,340",LM336639
2020 Toyota Tacoma TRD Sport Double Cab 5' Bed V6 AT," $43,919",LM336097
2020 Toyota Avalon Hybrid Limited," $42,427",LU017031
2020 Toyota Tundra SR5 CrewMax 5.5' Bed 5.7L," $43,515",LX929110
2020 Toyota Tundra SR5 CrewMax 5.5' Bed 5.7L," $44,037",LX922383
2020 Toyota Tacoma TRD Sport Double Cab 5' Bed V6 AT," $43,598",LM332733
2020 Toyota Sienna XLE Premium," $43,090",LS240883
2020 Toyota 4Runner TRD Off Road Premium," $42,816",L5798156
2020 Toyota 4Runner TRD Off Road Premium," $42,816",L5801569
2020 Toyota 4Runner TRD Off Road Premium," $42,815",L5799470
2020 Toyota 4Runner TRD Off Road Premium," $42,815",L5804765
2020 Toyota Sienna XLE Premium," $43,091",LS241338
2020 Toyota Tacoma TRD Sport Double Cab 6' Bed V6 AT," $42,562",LM091071
2020 Toyota Tundra SR5 CrewMax 5.5' Bed 5.7L," $44,051",LX928733
2020 Toyota Highlander XLE," $42,672",LS506766
2020 Toyota Tacoma TRD Pro Double Cab 5' Bed V6 AT," $46,986",LX215566
2020 Toyota 4Runner Limited," $45,916",L5801957
2020 Toyota Tacoma TRD Pro Double Cab 5' Bed V6 AT," $46,903",LX221975
2020 Toyota 4Runner Venture," $44,055",L5805613
2020 Toyota 4Runner Nightshade," $47,626",L5802419
2020 Toyota Tundra Limited Double Cab 6.5' Bed 5.7L," $46,668",LX883616
2020 Toyota Tundra Limited Double Cab 6.5' Bed 5.7L," $47,544",LX917281
2020 Toyota Highlander Limited," $45,170",LS013465
2020 Toyota Highlander Hybrid XLE," $45,796",LS001484
2020 Toyota 4Runner Limited," $45,483",L5766327
2020 Toyota Highlander Limited," $45,659",LS023712
2020 Toyota Tundra SR5 Double Cab 6.5' Bed 5.7L," $44,902",LX900056
2020 Toyota 4Runner Venture," $44,741",L5800763
2020 Toyota 4Runner Venture," $45,324",L5750867
2020 Toyota Tundra SR5 CrewMax 5.5' Bed 5.7L," $44,166",LX929572
2020 Toyota Sequoia TRD Pro," $67,224",LS177721
2020 Toyota 4Runner Nightshade," $47,627",L5800779
2020 Toyota Tundra 1794 Edition CrewMax 5.5' Bed 5.7L," $54,125",LX916982
2020 Toyota Tundra Limited CrewMax 5.5' Bed 5.7L," $48,859",LX894534
2020 Toyota Sequoia Platinum," $66,384",LS177961
2020 Toyota Tundra 1794 Edition CrewMax 5.5' Bed 5.7L," $51,670",LX892255
2020 Toyota Highlander Hybrid Limited," $49,581",LS001834
2020 Toyota Highlander Platinum," $48,668",LS025733
2020 Toyota Tundra Limited CrewMax 5.5' Bed 5.7L," $48,859",LX897391
2020 Toyota Sienna Limited Premium," $48,570",LS241946
2020 Toyota Tundra Limited CrewMax 5.5' Bed 5.7L," $48,429",LX892220
